"","long","lat","tract","plot","biomass","biomass.fin","bio.ton","long.1","lat.1","tract.1","plot.1","biomass.1","optional"
"1",120.75236,18.50227,1,1,24080.2565187073,48160.5130374145,48.1605130374145,120.75236,18.50227,1,1,24080.2565187073,TRUE
"2",121.00236,18.50227,2,1,182495.834874812,364991.669749623,364.991669749623,121.00236,18.50227,2,1,182495.834874812,TRUE
"3",121.25236,18.50226,3,1,34370.3742240001,68740.7484480002,68.7407484480002,121.25236,18.50226,3,1,34370.3742240001,TRUE
"4",120.75235,18.25227,4,1,15562.2846503135,31124.569300627,31.124569300627,120.75235,18.25227,4,1,15562.2846503135,TRUE
"5",121.00235,18.25227,5,1,828.728296761144,1657.45659352229,1.65745659352229,121.00235,18.25227,5,1,828.728296761144,TRUE
"6",121.25236,18.25227,6,1,40417.3950729207,80834.7901458414,80.8347901458414,121.25236,18.25227,6,1,40417.3950729207,TRUE
"7",122.00237,18.25225,9,1,6310.32070466868,12620.6414093374,12.6206414093374,122.00237,18.25225,9,1,6310.32070466868,TRUE
"8",122.25237,18.25226,10,1,59814.8164997922,119629.632999584,119.629632999584,122.25237,18.25226,10,1,59814.8164997922,TRUE
"9",120.50234,18.00228,11,1,4193.56906891115,8387.1381378223,8.3871381378223,120.50234,18.00228,11,1,4193.56906891115,TRUE
"10",120.75235,18.00227,12,1,9105.31134734447,18210.6226946889,18.2106226946889,120.75235,18.00227,12,1,9105.31134734447,TRUE
"11",121.25235,18.00227,14,1,236218.817707997,472437.635415993,472.437635415993,121.25235,18.00227,14,1,236218.817707997,TRUE
"12",121.50236,18.00226,15,1,97590.4799850847,195180.959970169,195.180959970169,121.50236,18.00226,15,1,97590.4799850847,TRUE
"13",121.75236,18.00226,16,1,3793.43751367756,7586.87502735512,7.58687502735512,121.75236,18.00226,16,1,3793.43751367756,TRUE
"14",120.50234,17.75227,18,1,10046.3744129569,20092.7488259139,20.0927488259139,120.50234,17.75227,18,1,10046.3744129569,TRUE
"15",120.75235,17.75227,19,1,1708.79210062346,3417.58420124693,3.41758420124693,120.75235,17.75227,19,1,1708.79210062346,TRUE
"16",121.25235,17.75227,21,1,10246.630207083,20493.2604141661,20.4932604141661,121.25235,17.75227,21,1,10246.630207083,TRUE
"17",120.50234,17.50227,25,1,956.195900854441,1912.39180170888,1.91239180170888,120.50234,17.50227,25,1,956.195900854441,TRUE
"18",120.75235,17.50227,26,1,13283.7789200682,26567.5578401364,26.5675578401364,120.75235,17.50227,26,1,13283.7789200682,TRUE
"19",121.25235,17.50226,28,1,7890.8795953056,15781.7591906112,15.7817591906112,121.25235,17.50226,28,1,7890.8795953056,TRUE
"20",121.50235,17.50226,29,1,3213.70783106059,6427.41566212117,6.42741566212117,121.50235,17.50226,29,1,3213.70783106059,TRUE
"21",122.00236,17.50226,31,1,66181.9523449936,132363.904689987,132.363904689987,122.00236,17.50226,31,1,66181.9523449936,TRUE
"22",120.50234,17.25227,32,1,5679.2147587408,11358.4295174816,11.3584295174816,120.50234,17.25227,32,1,5679.2147587408,TRUE
"23",120.75233,17.25227,33,1,8125.619325018,16251.238650036,16.251238650036,120.75233,17.25227,33,1,8125.619325018,TRUE
"24",121.00234,17.25227,34,1,924.736171496592,1849.47234299318,1.84947234299318,121.00234,17.25227,34,1,924.736171496592,TRUE
"25",121.25234,17.25227,35,1,42669.3007797386,85338.6015594772,85.3386015594772,121.25234,17.25227,35,1,42669.3007797386,TRUE
"26",122.00235,17.25226,38,1,107296.015317162,214592.030634325,214.592030634325,122.00235,17.25226,38,1,107296.015317162,TRUE
"27",122.25236,17.25226,39,1,61365.5830962952,122731.16619259,122.73116619259,122.25236,17.25226,39,1,61365.5830962952,TRUE
"28",120.50233,17.00227,40,1,10348.6717357926,20697.3434715853,20.6973434715853,120.50233,17.00227,40,1,10348.6717357926,TRUE
"29",120.75233,17.00227,41,1,8015.13842802408,16030.2768560482,16.0302768560482,120.75233,17.00227,41,1,8015.13842802408,TRUE
"30",121.00234,17.00226,42,1,89288.2443173871,178576.488634774,178.576488634774,121.00234,17.00226,42,1,89288.2443173871,TRUE
"31",121.25234,17.00227,43,1,9230.42465306187,18460.8493061237,18.4608493061237,121.25234,17.00227,43,1,9230.42465306187,TRUE
"32",121.50234,17.00227,44,1,3520.03114945061,7040.06229890123,7.04006229890123,121.50234,17.00227,44,1,3520.03114945061,TRUE
"33",122.25235,17.00226,47,1,100156.684041541,200313.368083081,200.313368083081,122.25235,17.00226,47,1,100156.684041541,TRUE
"34",120.50233,16.75227,48,1,17130.727645053,34261.455290106,34.261455290106,120.50233,16.75227,48,1,17130.727645053,TRUE
"35",120.75233,16.75227,49,1,14236.1234020692,28472.2468041385,28.4722468041385,120.75233,16.75227,49,1,14236.1234020692,TRUE
"36",121.00234,16.75227,50,1,17310.5129354775,34621.025870955,34.621025870955,121.00234,16.75227,50,1,17310.5129354775,TRUE
"37",121.25234,16.75226,51,1,792.632455272572,1585.26491054514,1.58526491054514,121.25234,16.75226,51,1,792.632455272572,TRUE
"38",122.25235,16.75225,55,1,44511.8373979405,89023.6747958811,89.0236747958811,122.25235,16.75225,55,1,44511.8373979405,TRUE
"39",120.50233,16.50227,56,1,11019.6050099114,22039.2100198228,22.0392100198228,120.50233,16.50227,56,1,11019.6050099114,TRUE
"40",120.75233,16.50227,57,1,7559.9086884247,15119.8173768494,15.1198173768494,120.75233,16.50227,57,1,7559.9086884247,TRUE
"41",122.00234,16.50226,62,1,115343.427948772,230686.855897545,230.686855897545,122.00234,16.50226,62,1,115343.427948772,TRUE
"42",120.00232,16.25228,63,1,1824.54926011858,3649.09852023717,3.64909852023717,120.00232,16.25228,63,1,1824.54926011858,TRUE
"43",120.50233,16.25227,64,1,10765.9142425244,21531.8284850489,21.5318284850489,120.50233,16.25227,64,1,10765.9142425244,TRUE
"44",121.50234,16.25227,68,1,15091.1525857108,30182.3051714216,30.1823051714216,121.50234,16.25227,68,1,15091.1525857108,TRUE
"45",122.00234,16.25226,70,1,120885.287739292,241770.575478585,241.770575478585,122.00234,16.25226,70,1,120885.287739292,TRUE
"46",120.00231,16.00228,71,1,26.4781187626631,52.9562375253263,0.0529562375253263,120.00231,16.00228,71,1,26.4781187626631,TRUE
"47",120.25232,16.00227,72,1,4687.26168216633,9374.52336433265,9.37452336433265,120.25232,16.00227,72,1,4687.26168216633,TRUE
"48",121.00233,16.00227,75,1,349.577715020282,699.155430040564,0.699155430040564,121.00233,16.00227,75,1,349.577715020282,TRUE
"49",121.50233,16.00226,77,1,47848.7603083601,95697.5206167202,95.6975206167202,121.50233,16.00226,77,1,47848.7603083601,TRUE
"50",120.25231,15.75227,79,1,898.335407088615,1796.67081417723,1.79667081417723,120.25231,15.75227,79,1,898.335407088615,TRUE
"51",120.75232,15.75227,81,1,414.55279467786,829.10558935572,0.82910558935572,120.75232,15.75227,81,1,414.55279467786,TRUE
"52",121.25233,15.75226,83,1,34576.7046016726,69153.4092033453,69.1534092033453,121.25233,15.75226,83,1,34576.7046016726,TRUE
"53",121.50233,15.75226,84,1,11111.5125465753,22223.0250931506,22.2230250931506,121.50233,15.75226,84,1,11111.5125465753,TRUE
"54",120.00231,15.50227,85,1,2362.52361914569,4725.04723829138,4.72504723829138,120.00231,15.50227,85,1,2362.52361914569,TRUE
"55",120.25231,15.50228,86,1,42491.6588758569,84983.3177517137,84.9833177517137,120.25231,15.50228,86,1,42491.6588758569,TRUE
"56",120.50231,15.50227,87,1,972.886452358868,1945.77290471774,1.94577290471774,120.50231,15.50227,87,1,972.886452358868,TRUE
"57",121.25232,15.50226,90,1,1081.19510814232,2162.39021628465,2.16239021628465,121.25232,15.50226,90,1,1081.19510814232,TRUE
"58",120.50231,15.25228,92,1,5187.58376742065,10375.1675348413,10.3751675348413,120.50231,15.25228,92,1,5187.58376742065,TRUE
"59",121.00232,15.25227,94,1,4901.95384925919,9803.90769851839,9.80390769851839,121.00232,15.25227,94,1,4901.95384925919,TRUE
"60",121.25232,15.25227,95,1,120232.992950148,240465.985900297,240.465985900297,121.25232,15.25227,95,1,120232.992950148,TRUE
"61",120.50231,15.00227,97,1,9084.76943799226,18169.5388759845,18.1695388759845,120.50231,15.00227,97,1,9084.76943799226,TRUE
"62",120.75231,15.00227,98,1,5050.45249240809,10100.9049848162,10.1009049848162,120.75231,15.00227,98,1,5050.45249240809,TRUE
"63",121.00232,15.00227,99,1,2604.26662797031,5208.53325594062,5.20853325594062,121.00232,15.00227,99,1,2604.26662797031,TRUE
"64",121.25232,15.00226,100,1,142397.277985646,284794.555971293,284.794555971293,121.25232,15.00226,100,1,142397.277985646,TRUE
"65",122.00233,15.00225,102,1,20476.3997232469,40952.7994464937,40.9527994464937,122.00233,15.00225,102,1,20476.3997232469,TRUE
"66",120.50231,14.75227,103,1,2381.19902801116,4762.39805602232,4.76239805602232,120.50231,14.75227,103,1,2381.19902801116,TRUE
"67",122.00232,14.75226,107,1,52782.8578667674,105565.715733535,105.565715733535,122.00232,14.75226,107,1,52782.8578667674,TRUE
"68",120.5023,14.50227,109,1,33590.4070277009,67180.8140554018,67.1808140554018,120.5023,14.50227,109,1,33590.4070277009,TRUE
"69",121.50232,14.50226,112,1,7162.23469669527,14324.4693933905,14.3244693933905,121.50232,14.50226,112,1,7162.23469669527,TRUE
"70",121.00231,14.00227,121,1,1908.3577587574,3816.71551751481,3.81671551751481,121.00231,14.00227,121,1,1908.3577587574,TRUE
"71",121.25231,14.00227,122,1,7611.40436561667,15222.8087312333,15.2228087312333,121.25231,14.00227,122,1,7611.40436561667,TRUE
"72",121.50231,14.00226,123,1,8248.5127498384,16497.0254996768,16.4970254996768,121.50231,14.00226,123,1,8248.5127498384,TRUE
"73",121.75231,14.00226,124,1,19764.6027971616,39529.2055943232,39.5292055943232,121.75231,14.00226,124,1,19764.6027971616,TRUE
"74",122.25232,13.75226,131,1,14706.4016292817,29412.8032585634,29.4128032585634,122.25232,13.75226,131,1,14706.4016292817,TRUE
"75",122.00231,13.50226,138,1,23319.1830599052,46638.3661198104,46.6383661198104,122.00231,13.50226,138,1,23319.1830599052,TRUE
"76",122.50232,13.50225,139,1,22671.2027522598,45342.4055045197,45.3424055045197,122.50232,13.50225,139,1,22671.2027522598,TRUE
"77",120.7523,13.25227,142,1,4413.93167356728,8827.86334713455,8.82786334713455,120.7523,13.25227,142,1,4413.93167356728,TRUE
"78",122.00231,13.25226,145,1,237.648943669413,475.297887338825,0.475297887338825,122.00231,13.25226,145,1,237.648943669413,TRUE
"79",121.0023,13.00227,149,1,32260.4993442207,64520.9986884414,64.5209986884414,121.0023,13.00227,149,1,32260.4993442207,TRUE
"80",121.0023,12.75227,154,1,11884.2593030075,23768.518606015,23.768518606015,121.0023,12.75227,154,1,11884.2593030075,TRUE
"81",121.00229,12.50227,157,1,4089.80777140882,8179.61554281764,8.17961554281764,121.00229,12.50227,157,1,4089.80777140882,TRUE
"82",124.50233,12.50223,160,1,37350.2037741121,74700.4075482242,74.7004075482242,124.50233,12.50223,160,1,37350.2037741121,TRUE
"83",124.75233,12.50223,161,1,5276.80257520466,10553.6051504093,10.5536051504093,124.75233,12.50223,161,1,5276.80257520466,TRUE
"84",120.00228,12.25227,164,1,14122.5644043868,28245.1288087736,28.2451288087736,120.00228,12.25227,164,1,14122.5644043868,TRUE
"85",124.75232,12.25223,171,1,61458.1319879743,122916.263975949,122.916263975949,124.75232,12.25223,171,1,61458.1319879743,TRUE
"86",125.00232,12.25223,172,1,22153.8934602487,44307.7869204974,44.3077869204974,125.00232,12.25223,172,1,22153.8934602487,TRUE
"87",125.25232,12.25223,173,1,39732.3693496069,79464.7386992137,79.4647386992137,125.25232,12.25223,173,1,39732.3693496069,TRUE
"88",125.00232,12.00223,178,1,6151.83529645679,12303.6705929136,12.3036705929136,125.00232,12.00223,178,1,6151.83529645679,TRUE
"89",125.25232,12.00223,179,1,64620.4720784554,129240.944156911,129.240944156911,125.25232,12.00223,179,1,64620.4720784554,TRUE
"90",120.00228,11.75227,180,1,3849.71682662518,7699.43365325037,7.69943365325037,120.00228,11.75227,180,1,3849.71682662518,TRUE
"91",122.2523,11.75226,182,1,3127.60755029832,6255.21510059663,6.25521510059663,122.2523,11.75226,182,1,3127.60755029832,TRUE
"92",125.25232,11.75223,183,1,265753.258536331,531506.517072662,531.506517072663,125.25232,11.75223,183,1,265753.258536331,TRUE
"93",124.50231,11.50224,187,1,66180.901304808,132361.802609616,132.361802609616,124.50231,11.50224,187,1,66180.901304808,TRUE
"94",125.25231,11.50223,189,1,85691.775875933,171383.551751866,171.383551751866,125.25231,11.50223,189,1,85691.775875933,TRUE
"95",119.50227,11.25228,191,1,101558.478397661,203116.956795321,203.116956795321,119.50227,11.25228,191,1,101558.478397661,TRUE
"96",122.7523,11.25225,194,1,1836.94080593218,3673.88161186437,3.67388161186437,122.7523,11.25225,194,1,1836.94080593218,TRUE
"97",123.0023,11.25225,195,1,9745.29793735563,19490.5958747113,19.4905958747113,123.0023,11.25225,195,1,9745.29793735563,TRUE
"98",123.75231,11.25224,196,1,106.723499505414,213.446999010828,0.213446999010828,123.75231,11.25224,196,1,106.723499505414,TRUE
"99",125.25231,11.25223,200,1,65702.5487469643,131405.097493929,131.405097493929,125.25231,11.25223,200,1,65702.5487469643,TRUE
"100",125.50231,11.25223,201,1,14400.2316912182,28800.4633824363,28.8004633824363,125.50231,11.25223,201,1,14400.2316912182,TRUE
"101",124.75231,11.00223,207,1,80204.3062132301,160408.61242646,160.40861242646,124.75231,11.00223,207,1,80204.3062132301,TRUE
"102",125.00231,11.00223,208,1,1565.66365917133,3131.32731834267,3.13132731834267,125.00231,11.00223,208,1,1565.66365917133,TRUE
"103",119.50227,10.75228,209,1,47282.3867311031,94564.7734622062,94.5647734622062,119.50227,10.75228,209,1,47282.3867311031,TRUE
"104",122.25229,10.75226,211,1,16380.1513898702,32760.3027797404,32.7603027797404,122.25229,10.75226,211,1,16380.1513898702,TRUE
"105",125.00231,10.75223,218,1,13955.8820362198,27911.7640724397,27.9117640724397,125.00231,10.75223,218,1,13955.8820362198,TRUE
"106",119.50226,10.50227,219,1,5790.99560398416,11581.9912079683,11.5819912079683,119.50226,10.50227,219,1,5790.99560398416,TRUE
"107",122.00229,10.50226,220,1,10343.1807882377,20686.3615764753,20.6863615764753,122.00229,10.50226,220,1,10343.1807882377,TRUE
"108",122.50229,10.50225,221,1,9707.94935777798,19415.898715556,19.415898715556,122.50229,10.50225,221,1,9707.94935777798,TRUE
"109",123.7523,10.50224,225,1,3944.78543774022,7889.57087548045,7.88957087548045,123.7523,10.50224,225,1,3944.78543774022,TRUE
"110",125.0023,10.50224,228,1,25395.2698995574,50790.5397991149,50.7905397991149,125.0023,10.50224,228,1,25395.2698995574,TRUE
"111",119.00226,10.25228,229,1,119950.112326766,239900.224653532,239.900224653532,119.00226,10.25228,229,1,119950.112326766,TRUE
"112",119.25226,10.25228,230,1,2479.42871033313,4958.85742066626,4.95885742066626,119.25226,10.25228,230,1,2479.42871033313,TRUE
"113",118.75226,10.00228,235,1,122292.736717477,244585.473434954,244.585473434954,118.75226,10.00228,235,1,122292.736717477,TRUE
"114",119.00226,10.00228,236,1,52914.5783219923,105829.156643985,105.829156643985,119.00226,10.00228,236,1,52914.5783219923,TRUE
"115",123.50229,10.00225,239,1,10011.6762132875,20023.352426575,20.023352426575,123.50229,10.00225,239,1,10011.6762132875,TRUE
"116",124.2523,10.00224,240,1,24144.1216895825,48288.2433791649,48.2882433791649,124.2523,10.00224,240,1,24144.1216895825,TRUE
"117",124.50229,10.00224,241,1,10757.1095925645,21514.2191851289,21.5142191851289,124.50229,10.00224,241,1,10757.1095925645,TRUE
"118",125.2523,10.00223,242,1,14096.4529240135,28192.905848027,28.192905848027,125.2523,10.00223,242,1,14096.4529240135,TRUE
"119",118.75226,9.75228,244,1,31059.6250154397,62119.2500308794,62.1192500308794,118.75226,9.75228,244,1,31059.6250154397,TRUE
"120",124.25229,9.75224,250,1,6520.17377499516,13040.3475499903,13.0403475499903,124.25229,9.75224,250,1,6520.17377499516,TRUE
"121",125.5023,9.75223,251,1,5491.16705527087,10982.3341105417,10.9823341105417,125.5023,9.75223,251,1,5491.16705527087,TRUE
"122",118.25225,9.50228,252,1,35077.1646261455,70154.329252291,70.154329252291,118.25225,9.50228,252,1,35077.1646261455,TRUE
"123",118.50225,9.50228,253,1,67080.3464998623,134160.692999725,134.160692999725,118.50225,9.50228,253,1,67080.3464998623,TRUE
"124",125.7523,9.50223,257,1,7803.0686363297,15606.1372726594,15.6061372726594,125.7523,9.50223,257,1,7803.0686363297,TRUE
"125",125.75229,9.25223,261,1,44325.0425574594,88650.0851149189,88.6500851149189,125.75229,9.25223,261,1,44325.0425574594,TRUE
"126",126.0023,9.25222,262,1,28449.130086517,56898.2601730341,56.8982601730341,126.0023,9.25222,262,1,28449.130086517,TRUE
"127",117.75224,9.00228,263,1,22352.1790178474,44704.3580356947,44.7043580356947,117.75224,9.00228,263,1,22352.1790178474,TRUE
"128",125.25229,9.00224,265,1,9261.99468848371,18523.9893769674,18.5239893769674,125.25229,9.00224,265,1,9261.99468848371,TRUE
"129",125.50229,9.00223,266,1,6527.39088489442,13054.7817697888,13.0547817697888,125.50229,9.00223,266,1,6527.39088489442,TRUE
"130",125.7523,9.00223,267,1,2146.04853730377,4292.09707460755,4.29209707460755,125.7523,9.00223,267,1,2146.04853730377,TRUE
"131",126.0023,9.00223,268,1,69316.6779252972,138633.355850594,138.633355850594,126.0023,9.00223,268,1,69316.6779252972,TRUE
"132",125.00229,8.75224,271,1,139715.731203589,279431.462407177,279.431462407177,125.00229,8.75224,271,1,139715.731203589,TRUE
"133",125.50229,8.75223,273,1,13828.9566954619,27657.9133909237,27.6579133909237,125.50229,8.75223,273,1,13828.9566954619,TRUE
"134",125.75229,8.75223,274,1,14340.8404083498,28681.6808166995,28.6816808166995,125.75229,8.75223,274,1,14340.8404083498,TRUE
"135",123.75228,8.50225,279,1,8955.32598992164,17910.6519798433,17.9106519798433,123.75228,8.50225,279,1,8955.32598992164,TRUE
"136",124.50229,8.50225,280,1,23212.2606008558,46424.5212017116,46.4245212017116,124.50229,8.50225,280,1,23212.2606008558,TRUE
"137",124.75229,8.50224,281,1,412.667838202069,825.335676404138,0.825335676404138,124.75229,8.50224,281,1,412.667838202069,TRUE
"138",125.00229,8.50224,282,1,4258.59348453084,8517.18696906167,8.51718696906167,125.00229,8.50224,282,1,4258.59348453084,TRUE
"139",125.50229,8.50223,284,1,4176.6684811904,8353.3369623808,8.3533369623808,125.50229,8.50223,284,1,4176.6684811904,TRUE
"140",125.75229,8.50223,285,1,3880.23568514051,7760.47137028103,7.76047137028103,125.75229,8.50223,285,1,3880.23568514051,TRUE
"141",126.00229,8.50223,286,1,20629.9488643381,41259.8977286762,41.2598977286762,126.00229,8.50223,286,1,20629.9488643381,TRUE
"142",126.25229,8.50223,287,1,14651.2698189719,29302.5396379438,29.3025396379438,126.25229,8.50223,287,1,14651.2698189719,TRUE
"143",124.50228,8.25224,293,1,6802.8985469491,13605.7970938982,13.6057970938982,124.50228,8.25224,293,1,6802.8985469491,TRUE
"144",124.75228,8.25224,294,1,3025.13369567086,6050.26739134172,6.05026739134172,124.75228,8.25224,294,1,3025.13369567086,TRUE
"145",125.00229,8.25224,295,1,528.217538519854,1056.43507703971,1.05643507703971,125.00229,8.25224,295,1,528.217538519854,TRUE
"146",126.00229,8.25223,299,1,29448.8781866645,58897.7563733289,58.8977563733289,126.00229,8.25223,299,1,29448.8781866645,TRUE
"147",126.25228,8.25223,300,1,11459.9667234833,22919.9334469667,22.9199334469667,126.25228,8.25223,300,1,11459.9667234833,TRUE
"148",122.50227,8.00226,302,1,6277.62694710309,12555.2538942062,12.5552538942062,122.50227,8.00226,302,1,6277.62694710309,TRUE
"149",122.75227,8.00225,303,1,439.412035172435,878.82407034487,0.87882407034487,122.75227,8.00225,303,1,439.412035172435,TRUE
"150",123.75227,8.00225,307,1,1903.50104115796,3807.00208231592,3.80700208231592,123.75227,8.00225,307,1,1903.50104115796,TRUE
"151",125.00228,8.00223,312,1,1169.36983034158,2338.73966068316,2.33873966068316,125.00228,8.00223,312,1,1169.36983034158,TRUE
"152",125.25228,8.00224,313,1,2079.57020984592,4159.14041969184,4.15914041969184,125.25228,8.00224,313,1,2079.57020984592,TRUE
"153",125.75228,8.00223,315,1,24108.2710924062,48216.5421848123,48.2165421848123,125.75228,8.00223,315,1,24108.2710924062,TRUE
"154",126.00229,8.00223,316,1,2953.37506066422,5906.75012132844,5.90675012132844,126.00229,8.00223,316,1,2953.37506066422,TRUE
"155",126.25229,8.00223,317,1,73176.6860157841,146353.372031568,146.353372031568,126.25229,8.00223,317,1,73176.6860157841,TRUE
"156",122.25227,7.75226,318,1,49420.144584978,98840.2891699561,98.8402891699561,122.25227,7.75226,318,1,49420.144584978,TRUE
"157",123.00227,7.75225,320,1,22043.3370283012,44086.6740566024,44.0866740566024,123.00227,7.75225,320,1,22043.3370283012,TRUE
"158",124.75228,7.75224,326,1,8526.98512130377,17053.9702426075,17.0539702426075,124.75228,7.75224,326,1,8526.98512130377,TRUE
"159",125.00228,7.75224,327,1,512.17297384367,1024.34594768734,1.02434594768734,125.00228,7.75224,327,1,512.17297384367,TRUE
"160",126.00228,7.75223,331,1,15152.6017197732,30305.2034395463,30.3052034395463,126.00228,7.75223,331,1,15152.6017197732,TRUE
"161",126.00228,7.25223,353,1,13893.1688155484,27786.3376310967,27.7863376310967,126.00228,7.25223,353,1,13893.1688155484,TRUE
"162",126.25228,7.25223,354,1,68728.4667252582,137456.933450516,137.456933450516,126.25228,7.25223,354,1,68728.4667252582,TRUE
"163",125.75228,7.00224,365,1,4436.33846588662,8872.67693177323,8.87267693177323,125.75228,7.00224,365,1,4436.33846588662,TRUE
"164",126.25227,7.00223,367,1,12789.8932078127,25579.7864156255,25.5797864156255,126.25227,7.00223,367,1,12789.8932078127,TRUE
"165",125.50227,6.50224,380,1,21161.5356355336,42323.0712710672,42.3230712710672,125.50227,6.50224,380,1,21161.5356355336,TRUE
"166",120.75233,18.50679,1,2,24272.3551607641,48544.7103215283,48.5447103215283,120.75233,18.50679,1,2,24272.3551607641,TRUE
"167",121.00234,18.50679,2,2,79301.5751278736,158603.150255747,158.603150255747,121.00234,18.50679,2,2,79301.5751278736,TRUE
"168",121.25235,18.50678,3,2,74091.1061968809,148182.212393762,148.182212393762,121.25235,18.50678,3,2,74091.1061968809,TRUE
"169",120.75232,18.25678,4,2,12588.6191381751,25177.2382763503,25.1772382763503,120.75232,18.25678,4,2,12588.6191381751,TRUE
"170",121.00234,18.25679,5,2,33923.4524060687,67846.9048121373,67.8469048121373,121.00234,18.25679,5,2,33923.4524060687,TRUE
"171",121.25234,18.25679,6,2,3.42173662685813,6.84347325371627,0.00684347325371627,121.25234,18.25679,6,2,3.42173662685813,TRUE
"172",122.00237,18.25677,9,2,3.42173662685813,6.84347325371627,0.00684347325371627,122.00237,18.25677,9,2,3.42173662685813,TRUE
"173",122.25238,18.25677,10,2,46289.1615242583,92578.3230485166,92.5783230485166,122.25238,18.25677,10,2,46289.1615242583,TRUE
"174",120.50231,18.00679,11,2,16181.4000786874,32362.8001573747,32.3628001573747,120.50231,18.00679,11,2,16181.4000786874,TRUE
"175",120.75232,18.00679,12,2,4051.22504040379,8102.45008080759,8.10245008080759,120.75232,18.00679,12,2,4051.22504040379,TRUE
"176",121.25234,18.00678,14,2,287664.248994095,575328.497988189,575.328497988189,121.25234,18.00678,14,2,287664.248994095,TRUE
"177",121.50235,18.00678,15,2,30564.0885030891,61128.1770061781,61.1281770061781,121.50235,18.00678,15,2,30564.0885030891,TRUE
"178",121.75236,18.00677,16,2,9034.50454054796,18069.0090810959,18.0690090810959,121.75236,18.00677,16,2,9034.50454054796,TRUE
"179",120.75232,17.75678,19,2,415.567224830506,831.134449661012,0.831134449661012,120.75232,17.75678,19,2,415.567224830506,TRUE
"180",121.25234,17.75679,21,2,32598.9503466875,65197.900693375,65.197900693375,121.25234,17.75679,21,2,32598.9503466875,TRUE
"181",120.50231,17.50679,25,2,23614.8943594982,47229.7887189963,47.2297887189963,120.50231,17.50679,25,2,23614.8943594982,TRUE
"182",120.75232,17.50678,26,2,31363.1823098683,62726.3646197366,62.7263646197366,120.75232,17.50678,26,2,31363.1823098683,TRUE
"183",121.25234,17.50678,28,2,3.42173662685813,6.84347325371627,0.00684347325371627,121.25234,17.50678,28,2,3.42173662685813,TRUE
"184",121.50234,17.50678,29,2,101979.747385361,203959.494770722,203.959494770722,121.50234,17.50678,29,2,101979.747385361,TRUE
"185",122.00236,17.50677,31,2,46984.6759763607,93969.3519527215,93.9693519527215,122.00236,17.50677,31,2,46984.6759763607,TRUE
"186",120.50231,17.25679,32,2,12049.5136685803,24099.0273371606,24.0990273371606,120.50231,17.25679,32,2,12049.5136685803,TRUE
"187",120.75231,17.25679,33,2,3.42173662685813,6.84347325371627,0.00684347325371627,120.75231,17.25679,33,2,3.42173662685813,TRUE
"188",121.00232,17.25679,34,2,2003.69275430758,4007.38550861516,4.00738550861516,121.00232,17.25679,34,2,2003.69275430758,TRUE
"189",121.25233,17.25679,35,2,3211.52323347659,6423.04646695318,6.42304646695318,121.25233,17.25679,35,2,3211.52323347659,TRUE
"190",121.50234,17.25678,36,2,30693.4276028748,61386.8552057497,61.3868552057497,121.50234,17.25678,36,2,30693.4276028748,TRUE
"191",122.00236,17.25677,38,2,90012.5040460168,180025.008092034,180.025008092033,122.00236,17.25677,38,2,90012.5040460168,TRUE
"192",122.25237,17.25678,39,2,56673.5742681646,113347.148536329,113.347148536329,122.25237,17.25678,39,2,56673.5742681646,TRUE
"193",120.5023,17.00679,40,2,15465.8269740926,30931.6539481853,30.9316539481853,120.5023,17.00679,40,2,15465.8269740926,TRUE
"194",120.75231,17.00678,41,2,7492.72520720395,14985.4504144079,14.9854504144079,120.75231,17.00678,41,2,7492.72520720395,TRUE
"195",121.00232,17.00678,42,2,13828.6369117101,27657.2738234203,27.6572738234203,121.00232,17.00678,42,2,13828.6369117101,TRUE
"196",121.25233,17.00679,43,2,3344.65710541379,6689.31421082759,6.68931421082759,121.25233,17.00679,43,2,3344.65710541379,TRUE
"197",121.50234,17.00678,44,2,461.642172167636,923.284344335272,0.923284344335272,121.50234,17.00678,44,2,461.642172167636,TRUE
"198",122.25237,17.00678,47,2,121322.315301049,242644.630602098,242.644630602098,122.25237,17.00678,47,2,121322.315301049,TRUE
"199",120.5023,16.75679,48,2,29783.3565720444,59566.7131440889,59.5667131440889,120.5023,16.75679,48,2,29783.3565720444,TRUE
"200",120.75231,16.75678,49,2,3444.83253168772,6889.66506337545,6.88966506337545,120.75231,16.75678,49,2,3444.83253168772,TRUE
"201",121.00232,16.75679,50,2,10735.0340090859,21470.0680181719,21.4700680181719,121.00232,16.75679,50,2,10735.0340090859,TRUE
"202",121.25233,16.75678,51,2,1667.78211502801,3335.56423005602,3.33556423005602,121.25233,16.75678,51,2,1667.78211502801,TRUE
"203",122.25236,16.75677,55,2,29944.9174131876,59889.8348263752,59.8898348263752,122.25236,16.75677,55,2,29944.9174131876,TRUE
"204",120.5023,16.50679,56,2,8980.599234404,17961.198468808,17.961198468808,120.5023,16.50679,56,2,8980.599234404,TRUE
"205",122.00235,16.50678,62,2,76193.8018690775,152387.603738155,152.387603738155,122.00235,16.50678,62,2,76193.8018690775,TRUE
"206",120.00228,16.25679,63,2,4737.20945471871,9474.41890943743,9.47441890943743,120.00228,16.25679,63,2,4737.20945471871,TRUE
"207",120.5023,16.25679,64,2,13001.7195268052,26003.4390536104,26.0034390536104,120.5023,16.25679,64,2,13001.7195268052,TRUE
"208",121.50233,16.25678,68,2,5907.83387155501,11815.66774311,11.81566774311,121.50233,16.25678,68,2,5907.83387155501,TRUE
"209",122.00235,16.25678,70,2,70303.6472962259,140607.294592452,140.607294592452,122.00235,16.25678,70,2,70303.6472962259,TRUE
"210",120.00227,16.0068,71,2,501.352214811833,1002.70442962367,1.00270442962367,120.00227,16.0068,71,2,501.352214811833,TRUE
"211",120.75231,16.00679,74,2,11251.3745205186,22502.7490410372,22.5027490410372,120.75231,16.00679,74,2,11251.3745205186,TRUE
"212",121.00231,16.00679,75,2,98.7892315709308,197.578463141862,0.197578463141862,121.00231,16.00679,75,2,98.7892315709308,TRUE
"213",121.50233,16.00678,77,2,59586.4013192849,119172.80263857,119.17280263857,121.50233,16.00678,77,2,59586.4013192849,TRUE
"214",120.00227,15.7568,78,2,23539.1862559761,47078.3725119521,47.0783725119521,120.00227,15.7568,78,2,23539.1862559761,TRUE
"215",120.25228,15.75679,79,2,2179.65009101601,4359.30018203203,4.35930018203203,120.25228,15.75679,79,2,2179.65009101601,TRUE
"216",120.7523,15.75679,81,2,12098.3841042369,24196.7682084738,24.1967682084738,120.7523,15.75679,81,2,12098.3841042369,TRUE
"217",121.25232,15.75678,83,2,54080.3919480889,108160.783896178,108.160783896178,121.25232,15.75678,83,2,54080.3919480889,TRUE
"218",121.50232,15.75678,84,2,24413.4582523455,48826.9165046909,48.8269165046909,121.50232,15.75678,84,2,24413.4582523455,TRUE
"219",120.00227,15.50679,85,2,160.914992022744,321.829984045488,0.321829984045488,120.00227,15.50679,85,2,160.914992022744,TRUE
"220",120.25228,15.50679,86,2,16999.8846805109,33999.7693610218,33.9997693610218,120.25228,15.50679,86,2,16999.8846805109,TRUE
"221",120.50229,15.50679,87,2,619.43063997178,1238.86127994356,1.23886127994356,120.50229,15.50679,87,2,619.43063997178,TRUE
"222",120.50228,15.25679,92,2,5357.41120096497,10714.8224019299,10.7148224019299,120.50228,15.25679,92,2,5357.41120096497,TRUE
"223",121.25231,15.25678,95,2,110303.800090076,220607.600180152,220.607600180152,121.25231,15.25678,95,2,110303.800090076,TRUE
"224",120.50229,15.00679,97,2,153.52493403505,307.0498680701,0.3070498680701,120.50229,15.00679,97,2,153.52493403505,TRUE
"225",121.0023,15.00679,99,2,262.973805678566,525.947611357132,0.525947611357132,121.0023,15.00679,99,2,262.973805678566,TRUE
"226",121.25231,15.00678,100,2,32065.8199438135,64131.639887627,64.131639887627,121.25231,15.00678,100,2,32065.8199438135,TRUE
"227",122.00233,15.00677,102,2,18372.5043145953,36745.0086291906,36.7450086291906,122.00233,15.00677,102,2,18372.5043145953,TRUE
"228",120.50228,14.75679,103,2,5478.4824258514,10956.9648517028,10.9569648517028,120.50228,14.75679,103,2,5478.4824258514,TRUE
"229",122.00233,14.75678,107,2,32483.8575963555,64967.7151927109,64.9677151927109,122.00233,14.75678,107,2,32483.8575963555,TRUE
"230",120.50228,14.50679,109,2,82923.4428023572,165846.885604714,165.846885604714,120.50228,14.50679,109,2,82923.4428023572,TRUE
"231",121.50231,14.50678,112,2,6684.6163483649,13369.2326967298,13.3692326967298,121.50231,14.50678,112,2,6684.6163483649,TRUE
"232",121.00229,14.00679,121,2,3138.51472893439,6277.02945786878,6.27702945786878,121.00229,14.00679,121,2,3138.51472893439,TRUE
"233",121.2523,14.00679,122,2,10585.6066905771,21171.2133811542,21.1712133811542,121.2523,14.00679,122,2,10585.6066905771,TRUE
"234",121.50231,14.00678,123,2,888.108340975695,1776.21668195139,1.77621668195139,121.50231,14.00678,123,2,888.108340975695,TRUE
"235",121.75231,14.00678,124,2,32718.3004479831,65436.6008959662,65.4366008959662,121.75231,14.00678,124,2,32718.3004479831,TRUE
"236",122.25233,13.75678,131,2,15438.2077667181,30876.4155334363,30.8764155334363,122.25233,13.75678,131,2,15438.2077667181,TRUE
"237",122.00232,13.50678,138,2,33868.9775605539,67737.9551211078,67.7379551211078,122.00232,13.50678,138,2,33868.9775605539,TRUE
"238",122.50233,13.50677,139,2,42107.4610685982,84214.9221371964,84.2149221371964,122.50233,13.50677,139,2,42107.4610685982,TRUE
"239",120.75228,13.25679,142,2,20679.8894318044,41359.7788636089,41.3597788636089,120.75228,13.25679,142,2,20679.8894318044,TRUE
"240",122.00231,13.25678,145,2,13474.9400057322,26949.8800114644,26.9498800114644,122.00231,13.25678,145,2,13474.9400057322,TRUE
"241",121.00228,13.00679,149,2,19329.0667531775,38658.1335063551,38.658133506355,121.00228,13.00679,149,2,19329.0667531775,TRUE
"242",121.00228,12.75678,154,2,85626.0090373169,171252.018074634,171.252018074634,121.00228,12.75678,154,2,85626.0090373169,TRUE
"243",121.00228,12.50679,157,2,7761.06737309643,15522.1347461929,15.5221347461929,121.00228,12.50679,157,2,7761.06737309643,TRUE
"244",124.50237,12.50675,160,2,6920.91388653791,13841.8277730758,13.8418277730758,124.50237,12.50675,160,2,6920.91388653791,TRUE
"245",124.75238,12.50674,161,2,37272.683845895,74545.3676917899,74.5453676917899,124.75238,12.50674,161,2,37272.683845895,TRUE
"246",120.00225,12.25679,164,2,3055.40553882356,6110.81107764712,6.11081107764712,120.00225,12.25679,164,2,3055.40553882356,TRUE
"247",124.75237,12.25675,171,2,25215.3804293836,50430.7608587671,50.4307608587671,124.75237,12.25675,171,2,25215.3804293836,TRUE
"248",125.00237,12.25674,172,2,85950.2094810108,171900.418962022,171.900418962021,125.00237,12.25674,172,2,85950.2094810108,TRUE
"249",125.25238,12.25674,173,2,56824.1490119086,113648.298023817,113.648298023817,125.25238,12.25674,173,2,56824.1490119086,TRUE
"250",125.25238,12.00674,179,2,210431.216640568,420862.433281137,420.862433281136,125.25238,12.00674,179,2,210431.216640568,TRUE
"251",120.00225,11.75679,180,2,7568.63057209769,15137.2611441954,15.1372611441954,120.00225,11.75679,180,2,7568.63057209769,TRUE
"252",122.25231,11.75678,182,2,3525.22137834332,7050.44275668664,7.05044275668664,122.25231,11.75678,182,2,3525.22137834332,TRUE
"253",125.25238,11.75674,183,2,262970.311080847,525940.622161694,525.940622161694,125.25238,11.75674,183,2,262970.311080847,TRUE
"254",124.50235,11.50675,187,2,9082.92831499875,18165.8566299975,18.1658566299975,124.50235,11.50675,187,2,9082.92831499875,TRUE
"255",125.25237,11.50674,189,2,15216.0127147225,30432.0254294451,30.4320254294451,125.25237,11.50674,189,2,15216.0127147225,TRUE
"256",119.50224,11.25679,191,2,75652.8559768664,151305.711953733,151.305711953733,119.50224,11.25679,191,2,75652.8559768664,TRUE
"257",122.75231,11.25677,194,2,3092.86915278327,6185.73830556655,6.18573830556655,122.75231,11.25677,194,2,3092.86915278327,TRUE
"258",123.75234,11.25676,196,2,1186.0071142657,2372.01422853139,2.37201422853139,123.75234,11.25676,196,2,1186.0071142657,TRUE
"259",125.25236,11.25674,200,2,36489.5020165528,72979.0040331055,72.9790040331055,125.25236,11.25674,200,2,36489.5020165528,TRUE
"260",125.50237,11.25674,201,2,8647.41747547493,17294.8349509499,17.2948349509499,125.50237,11.25674,201,2,8647.41747547493,TRUE
"261",122.5023,11.00677,203,2,1078.55844702398,2157.11689404796,2.15711689404796,122.5023,11.00677,203,2,1078.55844702398,TRUE
"262",124.75236,11.00675,207,2,39517.4882122183,79034.9764244367,79.0349764244367,124.75236,11.00675,207,2,39517.4882122183,TRUE
"263",125.00236,11.00674,208,2,9632.83094316238,19265.6618863248,19.2656618863248,125.00236,11.00674,208,2,9632.83094316238,TRUE
"264",119.50224,10.75679,209,2,68779.3800819191,137558.760163838,137.558760163838,119.50224,10.75679,209,2,68779.3800819191,TRUE
"265",122.2523,10.75678,211,2,22461.9912415588,44923.9824831177,44.9239824831177,122.2523,10.75678,211,2,22461.9912415588,TRUE
"266",122.5023,10.75677,212,2,4487.01286786506,8974.02573573012,8.97402573573012,122.5023,10.75677,212,2,4487.01286786506,TRUE
"267",125.00236,10.75675,218,2,2547.49868072408,5094.99736144816,5.09499736144816,125.00236,10.75675,218,2,2547.49868072408,TRUE
"268",119.50223,10.50679,219,2,1460.42325002162,2920.84650004325,2.92084650004325,119.50223,10.50679,219,2,1460.42325002162,TRUE
"269",122.00229,10.50678,220,2,21744.4175022136,43488.8350044272,43.4888350044272,122.00229,10.50678,220,2,21744.4175022136,TRUE
"270",122.5023,10.50677,221,2,11255.5832110754,22511.1664221508,22.5111664221508,122.5023,10.50677,221,2,11255.5832110754,TRUE
"271",123.75233,10.50676,225,2,7172.8929328247,14345.7858656494,14.3457858656494,123.75233,10.50676,225,2,7172.8929328247,TRUE
"272",125.00235,10.50675,228,2,72665.9200325891,145331.840065178,145.331840065178,125.00235,10.50675,228,2,72665.9200325891,TRUE
"273",119.00222,10.25679,229,2,51199.7724147872,102399.544829574,102.399544829574,119.00222,10.25679,229,2,51199.7724147872,TRUE
"274",119.25222,10.2568,230,2,4072.56581127721,8145.13162255442,8.14513162255442,119.25222,10.2568,230,2,4072.56581127721,TRUE
"275",123.75233,10.25676,233,2,586.832265716875,1173.66453143375,1.17366453143375,123.75233,10.25676,233,2,586.832265716875,TRUE
"276",118.75222,10.00679,235,2,71279.7683219111,142559.536643822,142.559536643822,118.75222,10.00679,235,2,71279.7683219111,TRUE
"277",119.00222,10.0068,236,2,46533.747719401,93067.495438802,93.067495438802,119.00222,10.0068,236,2,46533.747719401,TRUE
"278",123.50231,10.00677,239,2,3015.1454727624,6030.2909455248,6.0302909455248,123.50231,10.00677,239,2,3015.1454727624,TRUE
"279",124.25233,10.00676,240,2,2243.56868079948,4487.13736159896,4.48713736159896,124.25233,10.00676,240,2,2243.56868079948,TRUE
"280",124.50233,10.00676,241,2,4775.38083155054,9550.76166310109,9.55076166310109,124.50233,10.00676,241,2,4775.38083155054,TRUE
"281",125.25235,10.00674,242,2,91581.0487872018,183162.097574404,183.162097574404,125.25235,10.00674,242,2,91581.0487872018,TRUE
"282",118.75222,9.75679,244,2,6157.21376030471,12314.4275206094,12.3144275206094,118.75222,9.75679,244,2,6157.21376030471,TRUE
"283",124.25232,9.75676,250,2,7795.84299996359,15591.6859999272,15.5916859999272,124.25232,9.75676,250,2,7795.84299996359,TRUE
"284",125.50235,9.75674,251,2,720.861215223338,1441.72243044668,1.44172243044668,125.50235,9.75674,251,2,720.861215223338,TRUE
"285",118.25221,9.5068,252,2,147774.175243992,295548.350487983,295.548350487983,118.25221,9.5068,252,2,147774.175243992,TRUE
"286",118.50221,9.50679,253,2,32573.206232983,65146.4124659661,65.1464124659661,118.50221,9.50679,253,2,32573.206232983,TRUE
"287",125.75235,9.50674,257,2,6930.88959037282,13861.7791807456,13.8617791807456,125.75235,9.50674,257,2,6930.88959037282,TRUE
"288",125.75234,9.25674,261,2,30467.8671699536,60935.7343399073,60.9357343399073,125.75234,9.25674,261,2,30467.8671699536,TRUE
"289",126.00235,9.25673,262,2,24211.2344674545,48422.468934909,48.422468934909,126.00235,9.25673,262,2,24211.2344674545,TRUE
"290",117.75219,9.00679,263,2,19601.7285083439,39203.4570166877,39.2034570166877,117.75219,9.00679,263,2,19601.7285083439,TRUE
"291",125.25234,9.00675,265,2,32739.1195365626,65478.2390731253,65.4782390731253,125.25234,9.00675,265,2,32739.1195365626,TRUE
"292",125.75235,9.00674,267,2,18397.1099587137,36794.2199174273,36.7942199174273,125.75235,9.00674,267,2,18397.1099587137,TRUE
"293",126.00235,9.00674,268,2,71247.2418347182,142494.483669436,142.494483669436,126.00235,9.00674,268,2,71247.2418347182,TRUE
"294",125.00233,8.75675,271,2,105345.997497297,210691.994994594,210.691994994594,125.00233,8.75675,271,2,105345.997497297,TRUE
"295",125.25233,8.75675,272,2,42086.7119440632,84173.4238881264,84.1734238881265,125.25233,8.75675,272,2,42086.7119440632,TRUE
"296",125.50234,8.75674,273,2,12839.3491791036,25678.6983582071,25.6786983582071,125.50234,8.75674,273,2,12839.3491791036,TRUE
"297",126.00235,8.75674,275,2,15327.6510978199,30655.3021956399,30.6553021956399,126.00235,8.75674,275,2,15327.6510978199,TRUE
"298",123.7523,8.50677,279,2,4601.28753074034,9202.57506148068,9.20257506148068,123.7523,8.50677,279,2,4601.28753074034,TRUE
"299",124.50232,8.50676,280,2,2098.5263725817,4197.0527451634,4.1970527451634,124.50232,8.50676,280,2,2098.5263725817,TRUE
"300",124.75232,8.50675,281,2,2558.38145727269,5116.76291454538,5.11676291454538,124.75232,8.50675,281,2,2558.38145727269,TRUE
"301",125.00233,8.50676,282,2,3169.59352119888,6339.18704239775,6.33918704239775,125.00233,8.50676,282,2,3169.59352119888,TRUE
"302",125.75233,8.50674,285,2,3416.5286937342,6833.0573874684,6.8330573874684,125.75233,8.50674,285,2,3416.5286937342,TRUE
"303",126.25235,8.50674,287,2,16422.6710829253,32845.3421658506,32.8453421658506,126.25235,8.50674,287,2,16422.6710829253,TRUE
"304",124.50231,8.25676,293,2,50176.1820540093,100352.364108019,100.352364108019,124.50231,8.25676,293,2,50176.1820540093,TRUE
"305",124.75232,8.25676,294,2,1807.46201465079,3614.92402930158,3.61492402930158,124.75232,8.25676,294,2,1807.46201465079,TRUE
"306",125.00232,8.25675,295,2,3140.75054720396,6281.50109440792,6.28150109440792,125.00232,8.25675,295,2,3140.75054720396,TRUE
"307",126.00234,8.25674,299,2,16308.8511398662,32617.7022797324,32.6177022797324,126.00234,8.25674,299,2,16308.8511398662,TRUE
"308",126.25234,8.25674,300,2,5775.90486028099,11551.809720562,11.551809720562,126.25234,8.25674,300,2,5775.90486028099,TRUE
"309",122.50228,8.00678,302,2,11126.0818588147,22252.1637176294,22.2521637176294,122.50228,8.00678,302,2,11126.0818588147,TRUE
"310",122.75228,8.00677,303,2,1818.65148543256,3637.30297086511,3.63730297086511,122.75228,8.00677,303,2,1818.65148543256,TRUE
"311",125.00232,8.00675,312,2,18438.037127158,36876.0742543161,36.8760742543161,125.00232,8.00675,312,2,18438.037127158,TRUE
"312",125.25232,8.00675,313,2,14835.1813955386,29670.3627910771,29.6703627910771,125.25232,8.00675,313,2,14835.1813955386,TRUE
"313",125.75233,8.00674,315,2,31622.783115974,63245.566231948,63.245566231948,125.75233,8.00674,315,2,31622.783115974,TRUE
"314",126.25234,8.00674,317,2,94808.9650362759,189617.930072552,189.617930072552,126.25234,8.00674,317,2,94808.9650362759,TRUE
"315",122.25227,7.75678,318,2,16103.2487499917,32206.4974999835,32.2064974999835,122.25227,7.75678,318,2,16103.2487499917,TRUE
"316",123.00229,7.75677,320,2,4458.90288470681,8917.80576941362,8.91780576941362,123.00229,7.75677,320,2,4458.90288470681,TRUE
"317",125.00231,7.75675,327,2,2334.08143446434,4668.16286892868,4.66816286892868,125.00231,7.75675,327,2,2334.08143446434,TRUE
"318",126.00233,7.75674,331,2,21691.9886407087,43383.9772814174,43.3839772814174,126.00233,7.75674,331,2,21691.9886407087,TRUE
"319",126.00232,7.25674,353,2,10127.0060025299,20254.0120050598,20.2540120050598,126.00232,7.25674,353,2,10127.0060025299,TRUE
"320",126.25233,7.25674,354,2,36925.7760887583,73851.5521775166,73.8515521775166,126.25233,7.25674,354,2,36925.7760887583,TRUE
"321",126.25232,7.00674,367,2,4917.69638713333,9835.39277426666,9.83539277426666,126.25232,7.00674,367,2,4917.69638713333,TRUE
"322",120.75707,18.50682,1,3,20394.800286214,40789.600572428,40.789600572428,120.75707,18.50682,1,3,20394.800286214,TRUE
"323",121.00707,18.50681,2,3,97255.7085386663,194511.417077333,194.511417077333,121.00707,18.50681,2,3,97255.7085386663,TRUE
"324",121.25708,18.50679,3,3,654.038380084853,1308.07676016971,1.30807676016971,121.25708,18.50679,3,3,654.038380084853,TRUE
"325",120.75705,18.25681,4,3,30663.5850706255,61327.1701412509,61.3271701412509,120.75705,18.25681,4,3,30663.5850706255,TRUE
"326",121.25707,18.2568,6,3,39976.6999721133,79953.3999442267,79.9533999442267,121.25707,18.2568,6,3,39976.6999721133,TRUE
"327",122.0071,18.25676,9,3,4672.38092124801,9344.76184249601,9.34476184249601,122.0071,18.25676,9,3,4672.38092124801,TRUE
"328",122.25711,18.25676,10,3,67710.4711096523,135420.942219305,135.420942219305,122.25711,18.25676,10,3,67710.4711096523,TRUE
"329",120.50703,18.00682,11,3,9857.26021465939,19714.5204293188,19.7145204293188,120.50703,18.00682,11,3,9857.26021465939,TRUE
"330",120.75704,18.00681,12,3,709.820438611269,1419.64087722254,1.41964087722254,120.75704,18.00681,12,3,709.820438611269,TRUE
"331",121.25706,18.0068,14,3,280892.42976734,561784.859534681,561.784859534681,121.25706,18.0068,14,3,280892.42976734,TRUE
"332",121.50707,18.00678,15,3,61131.5222252656,122263.044450531,122.263044450531,121.50707,18.00678,15,3,61131.5222252656,TRUE
"333",121.75708,18.00677,16,3,11412.9673827706,22825.9347655412,22.8259347655412,121.75708,18.00677,16,3,11412.9673827706,TRUE
"334",120.50702,17.75682,18,3,995.98945186139,1991.97890372278,1.99197890372278,120.50702,17.75682,18,3,995.98945186139,TRUE
"335",120.75703,17.75681,19,3,1847.89019010571,3695.78038021141,3.69578038021141,120.75703,17.75681,19,3,1847.89019010571,TRUE
"336",120.50701,17.50682,25,3,16382.3052427028,32764.6104854057,32.7646104854057,120.50701,17.50682,25,3,16382.3052427028,TRUE
"337",120.75703,17.50681,26,3,19530.3795310112,39060.7590620225,39.0607590620225,120.75703,17.50681,26,3,19530.3795310112,TRUE
"338",121.25704,17.50679,28,3,18087.5845881697,36175.1691763393,36.1751691763393,121.25704,17.50679,28,3,18087.5845881697,TRUE
"339",121.50705,17.50679,29,3,12644.1823334001,25288.3646668003,25.2883646668003,121.50705,17.50679,29,3,12644.1823334001,TRUE
"340",122.00707,17.50677,31,3,71909.7819958991,143819.563991798,143.819563991798,122.00707,17.50677,31,3,71909.7819958991,TRUE
"341",120.50701,17.25682,32,3,9253.18006752942,18506.3601350588,18.5063601350588,120.50701,17.25682,32,3,9253.18006752942,TRUE
"342",120.75701,17.25681,33,3,2210.57045779294,4421.14091558588,4.42114091558588,120.75701,17.25681,33,3,2210.57045779294,TRUE
"343",121.00702,17.25681,34,3,5889.17166253477,11778.3433250695,11.7783433250695,121.00702,17.25681,34,3,5889.17166253477,TRUE
"344",121.50704,17.25679,36,3,11934.5000822331,23869.0001644663,23.8690001644663,121.50704,17.25679,36,3,11934.5000822331,TRUE
"345",122.00706,17.25677,38,3,69838.5506660588,139677.101332118,139.677101332118,122.00706,17.25677,38,3,69838.5506660588,TRUE
"346",122.25707,17.25676,39,3,64747.3590079616,129494.718015923,129.494718015923,122.25707,17.25676,39,3,64747.3590079616,TRUE
"347",120.507,17.00682,40,3,13166.6156208146,26333.2312416292,26.3332312416292,120.507,17.00682,40,3,13166.6156208146,TRUE
"348",120.757,17.00681,41,3,34223.8311874113,68447.6623748227,68.4476623748227,120.757,17.00681,41,3,34223.8311874113,TRUE
"349",121.00702,17.0068,42,3,19063.2572292907,38126.5144585814,38.1265144585814,121.00702,17.0068,42,3,19063.2572292907,TRUE
"350",121.50703,17.00679,44,3,380.982902920655,761.96580584131,0.76196580584131,121.50703,17.00679,44,3,380.982902920655,TRUE
"351",122.25706,17.00676,47,3,135880.414778742,271760.829557483,271.760829557483,122.25706,17.00676,47,3,135880.414778742,TRUE
"352",120.50699,16.75682,48,3,1273.89143775015,2547.78287550029,2.54778287550029,120.50699,16.75682,48,3,1273.89143775015,TRUE
"353",120.757,16.75681,49,3,2907.62979849615,5815.25959699229,5.81525959699229,120.757,16.75681,49,3,2907.62979849615,TRUE
"354",121.00701,16.7568,50,3,1275.50310960977,2551.00621921954,2.55100621921954,121.00701,16.7568,50,3,1275.50310960977,TRUE
"355",121.25702,16.75679,51,3,1829.73103760313,3659.46207520626,3.65946207520626,121.25702,16.75679,51,3,1829.73103760313,TRUE
"356",122.25705,16.75676,55,3,62765.1376768217,125530.275353643,125.530275353643,122.25705,16.75676,55,3,62765.1376768217,TRUE
"357",120.50698,16.50682,56,3,26359.4492826754,52718.8985653509,52.7188985653509,120.50698,16.50682,56,3,26359.4492826754,TRUE
"358",122.00703,16.50677,62,3,90162.8323496106,180325.664699221,180.325664699221,122.00703,16.50677,62,3,90162.8323496106,TRUE
"359",120.50697,16.25682,64,3,8817.4414024634,17634.8828049268,17.6348828049268,120.50697,16.25682,64,3,8817.4414024634,TRUE
"360",121.50701,16.25679,68,3,30696.2385080838,61392.4770161676,61.3924770161676,121.50701,16.25679,68,3,30696.2385080838,TRUE
"361",122.00702,16.25677,70,3,77609.4247789522,155218.849557904,155.218849557904,122.00702,16.25677,70,3,77609.4247789522,TRUE
"362",120.00694,16.00684,71,3,6520.64079283772,13041.2815856754,13.0412815856754,120.00694,16.00684,71,3,6520.64079283772,TRUE
"363",120.75698,16.00681,74,3,12003.6156283693,24007.2312567385,24.0072312567385,120.75698,16.00681,74,3,12003.6156283693,TRUE
"364",121.00698,16.00681,75,3,1652.81120928903,3305.62241857807,3.30562241857807,121.00698,16.00681,75,3,1652.81120928903,TRUE
"365",121.507,16.00679,77,3,94801.7690583123,189603.538116625,189.603538116625,121.507,16.00679,77,3,94801.7690583123,TRUE
"366",120.00694,15.75683,78,3,409.889375968245,819.778751936491,0.819778751936491,120.00694,15.75683,78,3,409.889375968245,TRUE
"367",120.25694,15.75682,79,3,418.46230617335,836.924612346699,0.836924612346699,120.25694,15.75682,79,3,418.46230617335,TRUE
"368",120.75696,15.75681,81,3,4050.8948499404,8101.7896998808,8.1017896998808,120.75696,15.75681,81,3,4050.8948499404,TRUE
"369",121.25698,15.75679,83,3,65257.1020799557,130514.204159911,130.514204159911,121.25698,15.75679,83,3,65257.1020799557,TRUE
"370",121.50699,15.75679,84,3,4522.52427754335,9045.0485550867,9.0450485550867,121.50699,15.75679,84,3,4522.52427754335,TRUE
"371",120.00693,15.50683,85,3,1139.1332099456,2278.26641989121,2.27826641989121,120.00693,15.50683,85,3,1139.1332099456,TRUE
"372",120.25694,15.50682,86,3,37031.0962631719,74062.1925263437,74.0621925263438,120.25694,15.50682,86,3,37031.0962631719,TRUE
"373",120.50694,15.50682,87,3,1607.81857828276,3215.63715656551,3.21563715656551,120.50694,15.50682,87,3,1607.81857828276,TRUE
"374",121.00696,15.50681,89,3,81.088779932427,162.177559864854,0.162177559864854,121.00696,15.50681,89,3,81.088779932427,TRUE
"375",120.50694,15.25682,92,3,3684.06004426167,7368.12008852334,7.36812008852334,120.50694,15.25682,92,3,3684.06004426167,TRUE
"376",121.00696,15.2568,94,3,13727.7032035922,27455.4064071844,27.4554064071844,121.00696,15.2568,94,3,13727.7032035922,TRUE
"377",121.25697,15.25679,95,3,108395.884641987,216791.769283973,216.791769283973,121.25697,15.25679,95,3,108395.884641987,TRUE
"378",121.00695,15.0068,99,3,3182.24720609906,6364.49441219811,6.36449441219811,121.00695,15.0068,99,3,3182.24720609906,TRUE
"379",121.25696,15.00679,100,3,37477.336382997,74954.6727659939,74.9546727659939,121.25696,15.00679,100,3,37477.336382997,TRUE
"380",122.00698,15.00677,102,3,5626.03488793124,11252.0697758625,11.2520697758625,122.00698,15.00677,102,3,5626.03488793124,TRUE
"381",120.50693,14.75682,103,3,6064.49197898975,12128.9839579795,12.1289839579795,120.50693,14.75682,103,3,6064.49197898975,TRUE
"382",122.00697,14.75677,107,3,119139.73106096,238279.46212192,238.27946212192,122.00697,14.75677,107,3,119139.73106096,TRUE
"383",120.50691,14.50681,109,3,86442.5511457767,172885.102291553,172.885102291553,120.50691,14.50681,109,3,86442.5511457767,TRUE
"384",121.50695,14.50679,112,3,6190.05397443956,12380.1079488791,12.3801079488791,121.50695,14.50679,112,3,6190.05397443956,TRUE
"385",121.00692,14.0068,121,3,2313.40039633768,4626.80079267535,4.62680079267535,121.00692,14.0068,121,3,2313.40039633768,TRUE
"386",121.25693,14.0068,122,3,8987.84998040257,17975.6999608051,17.9756999608051,121.25693,14.0068,122,3,8987.84998040257,TRUE
"387",121.75694,14.00678,124,3,16688.2340224598,33376.4680449197,33.3764680449197,121.75694,14.00678,124,3,16688.2340224598,TRUE
"388",122.25695,13.75677,131,3,30280.2075993311,60560.4151986621,60.5604151986621,122.25695,13.75677,131,3,30280.2075993311,TRUE
"389",122.00693,13.50677,138,3,34882.4058338823,69764.8116677646,69.7648116677646,122.00693,13.50677,138,3,34882.4058338823,TRUE
"390",122.50695,13.50675,139,3,24611.1486879099,49222.2973758199,49.2222973758199,122.50695,13.50675,139,3,24611.1486879099,TRUE
"391",122.00693,13.25677,145,3,9088.81178594532,18177.6235718906,18.1776235718906,122.00693,13.25677,145,3,9088.81178594532,TRUE
"392",121.00689,13.0068,149,3,2119.53195278795,4239.06390557589,4.23906390557589,121.00689,13.0068,149,3,2119.53195278795,TRUE
"393",121.00689,12.7568,154,3,27943.0544349511,55886.1088699023,55.8861088699023,121.00689,12.7568,154,3,27943.0544349511,TRUE
"394",121.00688,12.5068,157,3,23760.1912903898,47520.3825807797,47.5203825807797,121.00688,12.5068,157,3,23760.1912903898,TRUE
"395",124.50697,12.5067,160,3,39459.9967094059,78919.9934188117,78.9199934188117,124.50697,12.5067,160,3,39459.9967094059,TRUE
"396",124.75697,12.50669,161,3,29405.7522619471,58811.5045238943,58.8115045238943,124.75697,12.50669,161,3,29405.7522619471,TRUE
"397",120.00684,12.25682,164,3,5295.63901479213,10591.2780295843,10.5912780295843,120.00684,12.25682,164,3,5295.63901479213,TRUE
"398",124.75696,12.2567,171,3,163303.704444378,326607.408888756,326.607408888756,124.75696,12.2567,171,3,163303.704444378,TRUE
"399",125.00696,12.25669,172,3,35569.9674801234,71139.9349602469,71.1399349602469,125.00696,12.25669,172,3,35569.9674801234,TRUE
"400",125.25697,12.25668,173,3,42975.1887505696,85950.3775011392,85.9503775011392,125.25697,12.25668,173,3,42975.1887505696,TRUE
"401",125.00696,12.00669,178,3,3022.77105679817,6045.54211359634,6.04554211359634,125.00696,12.00669,178,3,3022.77105679817,TRUE
"402",125.25696,12.00668,179,3,262946.811357646,525893.622715292,525.893622715292,125.25696,12.00668,179,3,262946.811357646,TRUE
"403",120.00684,11.75682,180,3,42381.4854644939,84762.9709289878,84.7629709289878,120.00684,11.75682,180,3,42381.4854644939,TRUE
"404",125.25695,11.75668,183,3,309084.551331882,618169.102663763,618.169102663763,125.25695,11.75668,183,3,309084.551331882,TRUE
"405",124.50693,11.50671,187,3,6109.68868575983,12219.3773715197,12.2193773715197,124.50693,11.50671,187,3,6109.68868575983,TRUE
"406",125.25694,11.50669,189,3,30024.928405062,60049.856810124,60.049856810124,125.25694,11.50669,189,3,30024.928405062,TRUE
"407",119.50681,11.25683,191,3,99377.1321695928,198754.264339186,198.754264339186,119.50681,11.25683,191,3,99377.1321695928,TRUE
"408",123.0069,11.25675,195,3,5593.06073906599,11186.121478132,11.186121478132,123.0069,11.25675,195,3,5593.06073906599,TRUE
"409",125.25693,11.25669,200,3,55634.2524131697,111268.504826339,111.268504826339,125.25693,11.25669,200,3,55634.2524131697,TRUE
"410",125.50694,11.25668,201,3,14460.3322081723,28920.6644163446,28.9206644163446,125.50694,11.25668,201,3,14460.3322081723,TRUE
"411",124.75693,11.0067,207,3,145231.506700902,290463.013401805,290.463013401805,124.75693,11.0067,207,3,145231.506700902,TRUE
"412",125.00693,11.0067,208,3,3302.73945266653,6605.47890533307,6.60547890533307,125.00693,11.0067,208,3,3302.73945266653,TRUE
"413",119.5068,10.75683,209,3,45827.118135752,91654.236271504,91.654236271504,119.5068,10.75683,209,3,45827.118135752,TRUE
"414",122.25687,10.75677,211,3,15891.808941229,31783.617882458,31.783617882458,122.25687,10.75677,211,3,15891.808941229,TRUE
"415",125.00692,10.7567,218,3,5848.04027874458,11696.0805574892,11.6960805574892,125.00692,10.7567,218,3,5848.04027874458,TRUE
"416",119.50679,10.50682,219,3,6102.51408000068,12205.0281600014,12.2050281600014,119.50679,10.50682,219,3,6102.51408000068,TRUE
"417",122.00686,10.50677,220,3,8180.23633871724,16360.4726774345,16.3604726774345,122.00686,10.50677,220,3,8180.23633871724,TRUE
"418",123.75689,10.50673,225,3,10338.4010035134,20676.8020070268,20.6768020070268,123.75689,10.50673,225,3,10338.4010035134,TRUE
"419",125.00691,10.5067,228,3,10447.4232279948,20894.8464559895,20.8948464559895,125.00691,10.5067,228,3,10447.4232279948,TRUE
"420",119.00678,10.25683,229,3,65876.6531040732,131753.306208146,131.753306208146,119.00678,10.25683,229,3,65876.6531040732,TRUE
"421",119.25678,10.25683,230,3,54771.6398146328,109543.279629266,109.543279629266,119.25678,10.25683,230,3,54771.6398146328,TRUE
"422",123.75689,10.25673,233,3,16224.4115207468,32448.8230414936,32.4488230414936,123.75689,10.25673,233,3,16224.4115207468,TRUE
"423",118.75677,10.00683,235,3,52219.8196450395,104439.639290079,104.439639290079,118.75677,10.00683,235,3,52219.8196450395,TRUE
"424",119.00678,10.00683,236,3,46959.2123058956,93918.4246117912,93.9184246117912,119.00678,10.00683,236,3,46959.2123058956,TRUE
"425",123.50687,10.00674,239,3,10851.2762777175,21702.552555435,21.702552555435,123.50687,10.00674,239,3,10851.2762777175,TRUE
"426",124.25689,10.00672,240,3,422.473774227231,844.947548454462,0.844947548454462,124.25689,10.00672,240,3,422.473774227231,TRUE
"427",124.50689,10.00672,241,3,1754.44698602176,3508.89397204351,3.50889397204351,124.50689,10.00672,241,3,1754.44698602176,TRUE
"428",125.2569,10.00669,242,3,56949.470346839,113898.940693678,113.898940693678,125.2569,10.00669,242,3,56949.470346839,TRUE
"429",118.75677,9.75683,244,3,59.6232095896028,119.246419179206,0.119246419179206,118.75677,9.75683,244,3,59.6232095896028,TRUE
"430",124.25688,9.75672,250,3,20318.3596713493,40636.7193426987,40.6367193426987,124.25688,9.75672,250,3,20318.3596713493,TRUE
"431",125.5069,9.75669,251,3,13178.8622576786,26357.7245153572,26.3577245153572,125.5069,9.75669,251,3,13178.8622576786,TRUE
"432",118.25675,9.50684,252,3,64681.4246082628,129362.849216526,129.362849216526,118.25675,9.50684,252,3,64681.4246082628,TRUE
"433",118.50675,9.50683,253,3,45936.2625264375,91872.525052875,91.872525052875,118.50675,9.50683,253,3,45936.2625264375,TRUE
"434",125.7569,9.50669,257,3,12941.3474871498,25882.6949742995,25.8826949742995,125.7569,9.50669,257,3,12941.3474871498,TRUE
"435",125.75688,9.25669,261,3,83820.2871381937,167640.574276387,167.640574276387,125.75688,9.25669,261,3,83820.2871381937,TRUE
"436",126.00689,9.25668,262,3,14559.2198694634,29118.4397389269,29.1184397389269,126.00689,9.25668,262,3,14559.2198694634,TRUE
"437",117.75673,9.00684,263,3,78236.258073842,156472.516147684,156.472516147684,117.75673,9.00684,263,3,78236.258073842,TRUE
"438",125.25687,9.00671,265,3,20741.2515390126,41482.5030780252,41.4825030780252,125.25687,9.00671,265,3,20741.2515390126,TRUE
"439",126.00688,9.00669,268,3,81143.2780333344,162286.556066669,162.286556066669,126.00688,9.00669,268,3,81143.2780333344,TRUE
"440",125.00687,8.75672,271,3,161874.513567872,323749.027135743,323.749027135743,125.00687,8.75672,271,3,161874.513567872,TRUE
"441",125.25687,8.75671,272,3,18543.744589865,37087.48917973,37.08748917973,125.25687,8.75671,272,3,18543.744589865,TRUE
"442",125.50687,8.7567,273,3,842.094731169284,1684.18946233857,1.68418946233857,125.50687,8.7567,273,3,842.094731169284,TRUE
"443",125.75688,8.75669,274,3,2884.83812853878,5769.67625707755,5.76967625707755,125.75688,8.75669,274,3,2884.83812853878,TRUE
"444",126.00688,8.75669,275,3,52532.5580434163,105065.116086833,105.065116086833,126.00688,8.75669,275,3,52532.5580434163,TRUE
"445",123.75684,8.50674,279,3,18004.4409951101,36008.8819902201,36.0088819902201,123.75684,8.50674,279,3,18004.4409951101,TRUE
"446",124.50685,8.50673,280,3,1658.13974089152,3316.27948178304,3.31627948178304,124.50685,8.50673,280,3,1658.13974089152,TRUE
"447",125.75686,8.50669,285,3,2565.12073606478,5130.24147212956,5.13024147212956,125.75686,8.50669,285,3,2565.12073606478,TRUE
"448",126.00687,8.50669,286,3,9244.86881990941,18489.7376398188,18.4897376398188,126.00687,8.50669,286,3,9244.86881990941,TRUE
"449",126.25687,8.50668,287,3,958.021575291231,1916.04315058246,1.91604315058246,126.25687,8.50668,287,3,958.021575291231,TRUE
"450",124.50684,8.25673,293,3,29930.2690217409,59860.5380434817,59.8605380434817,124.50684,8.25673,293,3,29930.2690217409,TRUE
"451",124.75685,8.25672,294,3,466.243294904925,932.486589809851,0.932486589809851,124.75685,8.25672,294,3,466.243294904925,TRUE
"452",125.00685,8.25672,295,3,801.772867822298,1603.5457356446,1.6035457356446,125.00685,8.25672,295,3,801.772867822298,TRUE
"453",125.25685,8.25671,296,3,3024.8897684492,6049.7795368984,6.0497795368984,125.25685,8.25671,296,3,3024.8897684492,TRUE
"454",126.00686,8.25669,299,3,25609.939228178,51219.8784563561,51.2198784563561,126.00686,8.25669,299,3,25609.939228178,TRUE
"455",126.25686,8.25669,300,3,29624.8337006858,59249.6674013717,59.2496674013717,126.25686,8.25669,300,3,29624.8337006858,TRUE
"456",122.50681,8.00677,302,3,20860.8505714913,41721.7011429826,41.7217011429826,122.50681,8.00677,302,3,20860.8505714913,TRUE
"457",122.75682,8.00676,303,3,6042.7638220953,12085.5276441906,12.0855276441906,122.75682,8.00676,303,3,6042.7638220953,TRUE
"458",125.00685,8.00671,312,3,1399.81308063406,2799.62616126813,2.79962616126813,125.00685,8.00671,312,3,1399.81308063406,TRUE
"459",125.25684,8.00671,313,3,6543.47801877159,13086.9560375432,13.0869560375432,125.25684,8.00671,313,3,6543.47801877159,TRUE
"460",125.75685,8.0067,315,3,12461.1361985498,24922.2723970997,24.9222723970997,125.75685,8.0067,315,3,12461.1361985498,TRUE
"461",126.00686,8.00669,316,3,1096.28406825777,2192.56813651555,2.19256813651555,126.00686,8.00669,316,3,1096.28406825777,TRUE
"462",126.25686,8.00669,317,3,113541.81789902,227083.635798039,227.083635798039,126.25686,8.00669,317,3,113541.81789902,TRUE
"463",122.25681,7.75678,318,3,75523.0978501244,151046.195700249,151.046195700249,122.25681,7.75678,318,3,75523.0978501244,TRUE
"464",123.00682,7.75676,320,3,5727.40689210094,11454.8137842019,11.4548137842019,123.00682,7.75676,320,3,5727.40689210094,TRUE
"465",125.00684,7.75672,327,3,3494.52328070547,6989.04656141094,6.98904656141094,125.00684,7.75672,327,3,3494.52328070547,TRUE
"466",126.25685,7.50669,343,3,26569.5672227306,53139.1344454611,53.1391344454611,126.25685,7.50669,343,3,26569.5672227306,TRUE
"467",126.00684,7.2567,353,3,328.836556824607,657.673113649214,0.657673113649214,126.00684,7.2567,353,3,328.836556824607,TRUE
"468",126.25684,7.25669,354,3,7724.36912548689,15448.7382509738,15.4487382509738,126.25684,7.25669,354,3,7724.36912548689,TRUE
"469",126.25683,7.0067,367,3,2471.074077492,4942.14815498401,4.94214815498401,126.25683,7.0067,367,3,2471.074077492,TRUE
"470",120.75709,18.5023,1,4,25291.6122277976,50583.2244555951,50.5832244555951,120.75709,18.5023,1,4,25291.6122277976,TRUE
"471",121.00709,18.50229,2,4,95102.6650264562,190205.330052912,190.205330052912,121.00709,18.50229,2,4,95102.6650264562,TRUE
"472",121.25709,18.50228,3,4,365.365292599703,730.730585199407,0.730730585199407,121.25709,18.50228,3,4,365.365292599703,TRUE
"473",120.75707,18.25229,4,4,2449.39607326903,4898.79214653805,4.89879214653805,120.75707,18.25229,4,4,2449.39607326903,TRUE
"474",121.25708,18.25228,6,4,87301.0344563501,174602.0689127,174.6020689127,121.25708,18.25228,6,4,87301.0344563501,TRUE
"475",122.00709,18.25225,9,4,6886.57693785663,13773.1538757133,13.7731538757133,122.00709,18.25225,9,4,6886.57693785663,TRUE
"476",122.2571,18.25224,10,4,56682.148163941,113364.296327882,113.364296327882,122.2571,18.25224,10,4,56682.148163941,TRUE
"477",120.50706,18.00231,11,4,3558.25650498035,7116.51300996071,7.11651300996071,120.50706,18.00231,11,4,3558.25650498035,TRUE
"478",120.75707,18.00229,12,4,531.184176502162,1062.36835300432,1.06236835300432,120.75707,18.00229,12,4,531.184176502162,TRUE
"479",121.25708,18.00228,14,4,91225.7406427954,182451.481285591,182.451481285591,121.25708,18.00228,14,4,91225.7406427954,TRUE
"480",121.50708,18.00227,15,4,90960.9416630958,181921.883326192,181.921883326192,121.50708,18.00227,15,4,90960.9416630958,TRUE
"481",121.75708,18.00226,16,4,22681.021326495,45362.0426529899,45.3620426529899,121.75708,18.00226,16,4,22681.021326495,TRUE
"482",120.75706,17.75229,19,4,2495.84927348273,4991.69854696546,4.99169854696546,120.75706,17.75229,19,4,2495.84927348273,TRUE
"483",121.25707,17.75228,21,4,23688.7798771519,47377.5597543037,47.3775597543037,121.25707,17.75228,21,4,23688.7798771519,TRUE
"484",120.50704,17.5023,25,4,10138.0989926037,20276.1979852074,20.2761979852074,120.50704,17.5023,25,4,10138.0989926037,TRUE
"485",120.75705,17.50229,26,4,74668.6984310085,149337.396862017,149.337396862017,120.75705,17.50229,26,4,74668.6984310085,TRUE
"486",121.00705,17.50228,27,4,705.258652512832,1410.51730502566,1.41051730502566,121.00705,17.50228,27,4,705.258652512832,TRUE
"487",121.25706,17.50227,28,4,53277.1905254714,106554.381050943,106.554381050943,121.25706,17.50227,28,4,53277.1905254714,TRUE
"488",122.00707,17.50225,31,4,47740.335992886,95480.6719857721,95.4806719857721,122.00707,17.50225,31,4,47740.335992886,TRUE
"489",120.50704,17.2523,32,4,3406.25770665707,6812.51541331415,6.81251541331415,120.50704,17.2523,32,4,3406.25770665707,TRUE
"490",120.75704,17.25229,33,4,3.42173662685813,6.84347325371627,0.00684347325371627,120.75704,17.25229,33,4,3.42173662685813,TRUE
"491",121.00704,17.25229,34,4,2483.98312481075,4967.96624962149,4.96796624962149,121.00704,17.25229,34,4,2483.98312481075,TRUE
"492",121.50705,17.25227,36,4,20540.3096801203,41080.6193602405,41.0806193602405,121.50705,17.25227,36,4,20540.3096801203,TRUE
"493",122.00706,17.25225,38,4,80708.5053753843,161417.010750769,161.417010750769,122.00706,17.25225,38,4,80708.5053753843,TRUE
"494",122.25706,17.25225,39,4,71274.785847519,142549.571695038,142.549571695038,122.25706,17.25225,39,4,71274.785847519,TRUE
"495",120.50703,17.0023,40,4,12226.2064796108,24452.4129592215,24.4524129592215,120.50703,17.0023,40,4,12226.2064796108,TRUE
"496",120.75703,17.00229,41,4,7949.60817753384,15899.2163550677,15.8992163550677,120.75703,17.00229,41,4,7949.60817753384,TRUE
"497",121.00703,17.00228,42,4,23686.975074718,47373.9501494359,47.3739501494359,121.00703,17.00228,42,4,23686.975074718,TRUE
"498",122.25705,17.00225,47,4,95562.6314134181,191125.262826836,191.125262826836,122.25705,17.00225,47,4,95562.6314134181,TRUE
"499",120.50702,16.7523,48,4,10173.0626407181,20346.1252814362,20.3461252814362,120.50702,16.7523,48,4,10173.0626407181,TRUE
"500",120.75702,16.75229,49,4,9035.2545400717,18070.5090801434,18.0705090801434,120.75702,16.75229,49,4,9035.2545400717,TRUE
"501",121.25703,16.75227,51,4,1408.25792399497,2816.51584798994,2.81651584798994,121.25703,16.75227,51,4,1408.25792399497,TRUE
"502",122.25704,16.75224,55,4,30240.0858591648,60480.1717183297,60.4801717183297,122.25704,16.75224,55,4,30240.0858591648,TRUE
"503",120.50701,16.5023,56,4,11112.9758313923,22225.9516627847,22.2259516627847,120.50701,16.5023,56,4,11112.9758313923,TRUE
"504",120.75701,16.50229,57,4,76.198858381456,152.397716762912,0.152397716762912,120.75701,16.50229,57,4,76.198858381456,TRUE
"505",122.00703,16.50225,62,4,44708.723988008,89417.447976016,89.417447976016,122.00703,16.50225,62,4,44708.723988008,TRUE
"506",120.00699,16.25232,63,4,6096.13976817735,12192.2795363547,12.1922795363547,120.00699,16.25232,63,4,6096.13976817735,TRUE
"507",120.507,16.2523,64,4,23217.3428968713,46434.6857937426,46.4346857937426,120.507,16.2523,64,4,23217.3428968713,TRUE
"508",121.50701,16.25227,68,4,10131.7931619068,20263.5863238135,20.2635863238135,121.50701,16.25227,68,4,10131.7931619068,TRUE
"509",122.00702,16.25226,70,4,134164.810663749,268329.621327497,268.329621327497,122.00702,16.25226,70,4,134164.810663749,TRUE
"510",120.00698,16.00232,71,4,16569.9995377994,33139.9990755989,33.1399990755989,120.00698,16.00232,71,4,16569.9995377994,TRUE
"511",121.007,16.00229,75,4,152.713683534378,305.427367068757,0.305427367068757,121.007,16.00229,75,4,152.713683534378,TRUE
"512",121.507,16.00227,77,4,64677.3659970115,129354.731994023,129.354731994023,121.507,16.00227,77,4,64677.3659970115,TRUE
"513",120.00697,15.75232,78,4,11944.5438623275,23889.087724655,23.889087724655,120.00697,15.75232,78,4,11944.5438623275,TRUE
"514",120.25698,15.7523,79,4,6949.48908236648,13898.978164733,13.898978164733,120.25698,15.7523,79,4,6949.48908236648,TRUE
"515",120.75698,15.75229,81,4,991.342206027683,1982.68441205537,1.98268441205537,120.75698,15.75229,81,4,991.342206027683,TRUE
"516",121.00699,15.75229,82,4,8611.85666777947,17223.7133355589,17.2237133355589,121.00699,15.75229,82,4,8611.85666777947,TRUE
"517",121.25699,15.75227,83,4,73807.4794472987,147614.958894597,147.614958894597,121.25699,15.75227,83,4,73807.4794472987,TRUE
"518",121.507,15.75227,84,4,10039.7976847111,20079.5953694222,20.0795953694222,121.507,15.75227,84,4,10039.7976847111,TRUE
"519",120.00696,15.50231,85,4,7975.8248861591,15951.6497723182,15.9516497723182,120.00696,15.50231,85,4,7975.8248861591,TRUE
"520",120.25697,15.50231,86,4,72142.0822196911,144284.164439382,144.284164439382,120.25697,15.50231,86,4,72142.0822196911,TRUE
"521",120.50697,15.5023,87,4,8080.54244130599,16161.084882612,16.161084882612,120.50697,15.5023,87,4,8080.54244130599,TRUE
"522",121.25698,15.50227,90,4,3011.84208127132,6023.68416254263,6.02368416254263,121.25698,15.50227,90,4,3011.84208127132,TRUE
"523",120.50696,15.2523,92,4,2502.15362005513,5004.30724011025,5.00430724011025,120.50696,15.2523,92,4,2502.15362005513,TRUE
"524",121.25698,15.25228,95,4,111693.261041439,223386.522082878,223.386522082878,121.25698,15.25228,95,4,111693.261041439,TRUE
"525",120.50696,15.0023,97,4,3084.6827413003,6169.36548260061,6.16936548260061,120.50696,15.0023,97,4,3084.6827413003,TRUE
"526",121.00696,15.00228,99,4,1955.56256364095,3911.12512728189,3.91112512728189,121.00696,15.00228,99,4,1955.56256364095,TRUE
"527",121.25697,15.00227,100,4,72725.0068561664,145450.013712333,145.450013712333,121.25697,15.00227,100,4,72725.0068561664,TRUE
"528",122.00698,15.00225,102,4,51549.1323890803,103098.264778161,103.098264778161,122.00698,15.00225,102,4,51549.1323890803,TRUE
"529",122.00697,14.75225,107,4,95228.156129815,190456.31225963,190.45631225963,122.00697,14.75225,107,4,95228.156129815,TRUE
"530",120.50694,14.50229,109,4,74877.5899632938,149755.179926588,149.755179926587,120.50694,14.50229,109,4,74877.5899632938,TRUE
"531",121.50696,14.50227,112,4,195.237456589969,390.474913179938,0.390474913179938,121.50696,14.50227,112,4,195.237456589969,TRUE
"532",121.00693,14.00228,121,4,1041.55466849346,2083.10933698693,2.08310933698693,121.00693,14.00228,121,4,1041.55466849346,TRUE
"533",121.25694,14.00228,122,4,11290.1893277165,22580.3786554329,22.5803786554329,121.25694,14.00228,122,4,11290.1893277165,TRUE
"534",121.50694,14.00227,123,4,8718.76169832539,17437.5233966508,17.4375233966508,121.50694,14.00227,123,4,8718.76169832539,TRUE
"535",121.75694,14.00226,124,4,10374.9510550827,20749.9021101654,20.7499021101654,121.75694,14.00226,124,4,10374.9510550827,TRUE
"536",122.25694,13.75225,131,4,19341.8044812775,38683.6089625549,38.6836089625549,122.25694,13.75225,131,4,19341.8044812775,TRUE
"537",122.00693,13.50225,138,4,42017.0012615251,84034.0025230502,84.0340025230502,122.00693,13.50225,138,4,42017.0012615251,TRUE
"538",122.50693,13.50224,139,4,11514.8065497144,23029.6130994287,23.0296130994287,122.50693,13.50224,139,4,11514.8065497144,TRUE
"539",120.75691,13.25228,142,4,38363.3608386603,76726.7216773206,76.7267216773206,120.75691,13.25228,142,4,38363.3608386603,TRUE
"540",122.00692,13.25225,145,4,1194.09311320943,2388.18622641886,2.38818622641886,122.00692,13.25225,145,4,1194.09311320943,TRUE
"541",121.00691,13.00228,149,4,11845.0090836851,23690.0181673703,23.6900181673703,121.00691,13.00228,149,4,11845.0090836851,TRUE
"542",121.0069,12.75228,154,4,48584.3188547537,97168.6377095073,97.1686377095073,121.0069,12.75228,154,4,48584.3188547537,TRUE
"543",121.00689,12.50228,157,4,13745.8835473653,27491.7670947306,27.4917670947306,121.00689,12.50228,157,4,13745.8835473653,TRUE
"544",124.50692,12.50219,160,4,57446.5752388148,114893.15047763,114.89315047763,124.50692,12.50219,160,4,57446.5752388148,TRUE
"545",124.75692,12.50218,161,4,26034.8746845012,52069.7493690023,52.0697493690023,124.75692,12.50218,161,4,26034.8746845012,TRUE
"546",120.00687,12.2523,164,4,56540.3251281195,113080.650256239,113.080650256239,120.00687,12.2523,164,4,56540.3251281195,TRUE
"547",124.75691,12.25218,171,4,202305.211523517,404610.423047033,404.610423047033,124.75691,12.25218,171,4,202305.211523517,TRUE
"548",125.00691,12.25217,172,4,3807.20450017974,7614.40900035948,7.61440900035948,125.00691,12.25217,172,4,3807.20450017974,TRUE
"549",125.25691,12.25217,173,4,54441.4912059795,108882.982411959,108.882982411959,125.25691,12.25217,173,4,54441.4912059795,TRUE
"550",125.00691,12.00218,178,4,17626.5909205405,35253.1818410811,35.2531818410811,125.00691,12.00218,178,4,17626.5909205405,TRUE
"551",125.2569,12.00217,179,4,199925.092216289,399850.184432578,399.850184432578,125.2569,12.00217,179,4,199925.092216289,TRUE
"552",120.00687,11.7523,180,4,13905.1499092566,27810.2998185131,27.8102998185131,120.00687,11.7523,180,4,13905.1499092566,TRUE
"553",122.25688,11.75225,182,4,13034.2834801504,26068.5669603009,26.0685669603009,122.25688,11.75225,182,4,13034.2834801504,TRUE
"554",125.2569,11.75217,183,4,308640.510526804,617281.021053607,617.281021053607,125.2569,11.75217,183,4,308640.510526804,TRUE
"555",124.50688,11.50219,187,4,2168.07051587081,4336.14103174163,4.33614103174163,124.50688,11.50219,187,4,2168.07051587081,TRUE
"556",125.25689,11.50217,189,4,42371.1380249257,84742.2760498514,84.7422760498514,125.25689,11.50217,189,4,42371.1380249257,TRUE
"557",119.50685,11.25231,191,4,99376.6745513853,198753.349102771,198.753349102771,119.50685,11.25231,191,4,99376.6745513853,TRUE
"558",122.75688,11.25224,194,4,1255.89076413055,2511.78152826109,2.51178152826109,122.75688,11.25224,194,4,1255.89076413055,TRUE
"559",123.00688,11.25223,195,4,381.965515068598,763.931030137196,0.763931030137196,123.00688,11.25223,195,4,381.965515068598,TRUE
"560",123.75688,11.25221,196,4,662.145896303902,1324.2917926078,1.3242917926078,123.75688,11.25221,196,4,662.145896303902,TRUE
"561",125.25688,11.25218,200,4,38272.0849630659,76544.1699261319,76.5441699261319,125.25688,11.25218,200,4,38272.0849630659,TRUE
"562",125.50688,11.25217,201,4,43043.0191138492,86086.0382276983,86.0860382276983,125.50688,11.25217,201,4,43043.0191138492,TRUE
"563",124.75688,11.00219,207,4,113102.330914764,226204.661829528,226.204661829528,124.75688,11.00219,207,4,113102.330914764,TRUE
"564",125.00688,11.00218,208,4,16873.6126284821,33747.2252569642,33.7472252569642,125.00688,11.00218,208,4,16873.6126284821,TRUE
"565",119.50684,10.75231,209,4,21164.8250832745,42329.6501665491,42.3296501665491,119.50684,10.75231,209,4,21164.8250832745,TRUE
"566",122.25686,10.75225,211,4,30017.0999039618,60034.1998079236,60.0341998079236,122.25686,10.75225,211,4,30017.0999039618,TRUE
"567",125.00687,10.75218,218,4,15104.2593529938,30208.5187059875,30.2085187059875,125.00687,10.75218,218,4,15104.2593529938,TRUE
"568",119.50683,10.50231,219,4,29616.5542164422,59233.1084328844,59.2331084328844,119.50683,10.50231,219,4,29616.5542164422,TRUE
"569",123.75686,10.50222,225,4,4041.75923269079,8083.51846538157,8.08351846538157,123.75686,10.50222,225,4,4041.75923269079,TRUE
"570",125.00686,10.50219,228,4,15252.749640581,30505.4992811621,30.5054992811621,125.00686,10.50219,228,4,15252.749640581,TRUE
"571",119.00682,10.25231,229,4,148951.631970145,297903.26394029,297.90326394029,119.00682,10.25231,229,4,148951.631970145,TRUE
"572",119.25682,10.25231,230,4,8761.54344996287,17523.0868999257,17.5230868999257,119.25682,10.25231,230,4,8761.54344996287,TRUE
"573",118.75681,10.00232,235,4,97550.5143785335,195101.028757067,195.101028757067,118.75681,10.00232,235,4,97550.5143785335,TRUE
"574",119.00682,10.00232,236,4,4518.38472989354,9036.76945978708,9.03676945978708,119.00682,10.00232,236,4,4518.38472989354,TRUE
"575",123.50685,10.00222,239,4,8319.24365876983,16638.4873175397,16.6384873175397,123.50685,10.00222,239,4,8319.24365876983,TRUE
"576",124.25685,10.00221,240,4,13811.9191048571,27623.8382097142,27.6238382097142,124.25685,10.00221,240,4,13811.9191048571,TRUE
"577",125.25685,10.00218,242,4,14830.0529467111,29660.1058934222,29.6601058934222,125.25685,10.00218,242,4,14830.0529467111,TRUE
"578",124.25684,9.75221,250,4,22526.5742639699,45053.1485279397,45.0531485279397,124.25684,9.75221,250,4,22526.5742639699,TRUE
"579",125.50685,9.75218,251,4,963.760662531713,1927.52132506343,1.92752132506343,125.50685,9.75218,251,4,963.760662531713,TRUE
"580",118.2568,9.50233,252,4,45763.9320653517,91527.8641307034,91.5278641307034,118.2568,9.50233,252,4,45763.9320653517,TRUE
"581",118.5068,9.50232,253,4,1240.96344162184,2481.92688324368,2.48192688324368,118.5068,9.50232,253,4,1240.96344162184,TRUE
"582",125.75684,9.50218,257,4,16345.0537618824,32690.1075237647,32.6901075237647,125.75684,9.50218,257,4,16345.0537618824,TRUE
"583",125.75683,9.25218,261,4,75209.9122377014,150419.824475403,150.419824475403,125.75683,9.25218,261,4,75209.9122377014,TRUE
"584",117.75678,9.00233,263,4,101647.59528836,203295.190576721,203.295190576721,117.75678,9.00233,263,4,101647.59528836,TRUE
"585",125.25683,9.00219,265,4,7215.23977551861,14430.4795510372,14.4304795510372,125.25683,9.00219,265,4,7215.23977551861,TRUE
"586",125.50683,9.00219,266,4,1026.90479556785,2053.80959113569,2.05380959113569,125.50683,9.00219,266,4,1026.90479556785,TRUE
"587",126.00683,9.00218,268,4,92666.3933821119,185332.786764224,185.332786764224,126.00683,9.00218,268,4,92666.3933821119,TRUE
"588",125.00683,8.7522,271,4,111860.59368152,223721.18736304,223.72118736304,125.00683,8.7522,271,4,111860.59368152,TRUE
"589",125.25682,8.7522,272,4,17441.9290032007,34883.8580064014,34.8838580064014,125.25682,8.7522,272,4,17441.9290032007,TRUE
"590",125.50683,8.75218,273,4,13577.6967818156,27155.3935636313,27.1553935636313,125.50683,8.75218,273,4,13577.6967818156,TRUE
"591",125.75683,8.75218,274,4,1957.48543507131,3914.97087014263,3.91497087014263,125.75683,8.75218,274,4,1957.48543507131,TRUE
"592",126.00683,8.75218,275,4,52952.9474107996,105905.894821599,105.905894821599,126.00683,8.75218,275,4,52952.9474107996,TRUE
"593",123.75682,8.50222,279,4,16883.7214033464,33767.4428066928,33.7674428066928,123.75682,8.50222,279,4,16883.7214033464,TRUE
"594",124.75682,8.5022,281,4,8596.44234205625,17192.8846841125,17.1928846841125,124.75682,8.5022,281,4,8596.44234205625,TRUE
"595",125.00682,8.5022,282,4,676.867828743117,1353.73565748623,1.35373565748623,125.00682,8.5022,282,4,676.867828743117,TRUE
"596",125.75682,8.50218,285,4,1152.5619419723,2305.1238839446,2.3051238839446,125.75682,8.50218,285,4,1152.5619419723,TRUE
"597",126.00682,8.50218,286,4,27354.5105577607,54709.0211155215,54.7090211155215,126.00682,8.50218,286,4,27354.5105577607,TRUE
"598",126.25682,8.50218,287,4,14460.6508283345,28921.301656669,28.921301656669,126.25682,8.50218,287,4,14460.6508283345,TRUE
"599",124.50681,8.25221,293,4,6133.76479049766,12267.5295809953,12.2675295809953,124.50681,8.25221,293,4,6133.76479049766,TRUE
"600",124.75682,8.25221,294,4,981.904450624965,1963.80890124993,1.96380890124993,124.75682,8.25221,294,4,981.904450624965,TRUE
"601",126.00682,8.25218,299,4,42407.1430241097,84814.2860482195,84.8142860482195,126.00682,8.25218,299,4,42407.1430241097,TRUE
"602",126.25681,8.25218,300,4,12677.2302065922,25354.4604131845,25.3544604131845,126.25681,8.25218,300,4,12677.2302065922,TRUE
"603",122.50681,8.00225,302,4,42528.4172859204,85056.8345718409,85.0568345718409,122.50681,8.00225,302,4,42528.4172859204,TRUE
"604",122.75681,8.00224,303,4,5236.42863246174,10472.8572649235,10.4728572649235,122.75681,8.00224,303,4,5236.42863246174,TRUE
"605",125.25681,8.0022,313,4,2872.91944977307,5745.83889954613,5.74583889954613,125.25681,8.0022,313,4,2872.91944977307,TRUE
"606",125.75681,8.00219,315,4,1589.35354671462,3178.70709342923,3.17870709342923,125.75681,8.00219,315,4,1589.35354671462,TRUE
"607",126.00681,8.00218,316,4,820.224789485413,1640.44957897083,1.64044957897083,126.00681,8.00218,316,4,820.224789485413,TRUE
"608",126.25681,8.00218,317,4,161372.928980889,322745.857961777,322.745857961777,126.25681,8.00218,317,4,161372.928980889,TRUE
"609",122.2568,7.75225,318,4,135671.161214036,271342.322428072,271.342322428072,122.2568,7.75225,318,4,135671.161214036,TRUE
"610",123.0068,7.75224,320,4,5692.03592121,11384.07184242,11.38407184242,123.0068,7.75224,320,4,5692.03592121,TRUE
"611",125.0068,7.7522,327,4,2125.28817261958,4250.57634523916,4.25057634523916,125.0068,7.7522,327,4,2125.28817261958,TRUE
"612",126.0068,7.75218,331,4,10569.7040389107,21139.4080778214,21.1394080778214,126.0068,7.75218,331,4,10569.7040389107,TRUE
"613",126.0068,7.25219,353,4,5274.78614855969,10549.5722971194,10.5495722971194,126.0068,7.25219,353,4,5274.78614855969,TRUE
"614",126.2568,7.25218,354,4,42799.8133897041,85599.6267794081,85.5996267794081,126.2568,7.25218,354,4,42799.8133897041,TRUE
"615",126.25679,7.00219,367,4,2771.77993548215,5543.55987096431,5.54355987096431,126.25679,7.00219,367,4,2771.77993548215,TRUE
